about,awards,certifications,contractor_id,id,name,phone,review_count,review_score,reviews_count,state_license_number,url,website,years_in_business
,,"GAF Master Elite®; GAF Master Elite®
GAF entrusts Master Elite® contractors to offer our strongest warranties including the Golden Pledge® Limited Warranty* on qualifying roof systems.",1141909,0,US Roofing & Siding Inc,(609) 657-4366,54,5,3,13VH12531900,https://www.gaf.com/en-us/roofing-contractors/residential/usa/nj/matawan/us-roofing-siding-inc-1141909,https://usroofingsidinginc.com/,In business since 2015
"Matute Roofing is a family owned and operated roofing company with over 20 years experience Matute Roofing is Licensed and fully insured  Matute Roofing is committed  to providing 
you with the finest products ,skilled workmanship and courteous service We are the honest dependable and reliable you can TRUST","Award
President's Club Award; President's Club Award
GAF entrusts a select few Master Elite® contractors as President’s Club status, showing excellence in performance, reliability, and service --- signifying a commitment to installing roofing systems that qualify for GAF’s best warranties.","GAF Master Elite®; GAF Master Elite®
GAF entrusts Master Elite® contractors to offer our strongest warranties including the Golden Pledge® Limited Warranty* on qualifying roof systems.",1113654,1,Matute Roofing,(973) 840-7163,417,5,3,13VH10366000,https://www.gaf.com/en-us/roofing-contractors/residential/usa/nj/wayne/matute-roofing-1113654,https://www.matuteroofing.com/,In business since 2009
"At Preferred Exterior our reputation is backed by four decades of experience. We are a family owned and operated establishment specializing in commercial, industrial, and residential roofing and siding. Our work goes beyond professionalism; our reputation has been built on knowledge, craftsmanship and integrity.

We at Preferred Exterior are certified installers of all major manufacturers roofing and siding products. We are a fully licensed and insured establishment with certificates of liability and workers compensation available upon request.             

Job References Available upon request.

Residential Roofing & Siding Specialists

Re-Roofing
Complete Roof Removals & Cleanups
GAF MASTER ELITE INSTALLERS        *Special manufacturers warranties with all work*
Custom facbriacted Copper & Aluminum Roofing
Vinyl & James Hardie Siding, Shakes, Soffit & Trim
Seamless Gutters & Leaders
Replacement Windows
Skylights
Ventilation Systems

Flat Roof Specialists

Removal and replacement
Re-roofing
Manufacturer No Dollar Limit Warranties ( NDL Warranties cover labor & material )
Approved applicators of all major manufacturers ( Carlisle, Firestone, GAF, JM & Versico )
Single Ply: EPDM & TPO
Hot tar Built-Up
Tapered Roof Systems
Modified Rubberized Roof Systems
Roof Coatings

Master Elite # ME18626                               

Nassau County License # H2704580000

Suffolk County License# 44672-H
 
Registered with Better Business Bureau & Consumer Affairs","Award
President's Club Award; President's Club Award
GAF entrusts a select few Master Elite® contractors as President’s Club status, showing excellence in performance, reliability, and service --- signifying a commitment to installing roofing systems that qualify for GAF’s best warranties.","GAF Master Elite®; GAF Master Elite®
GAF entrusts Master Elite® contractors to offer our strongest warranties including the Golden Pledge® Limited Warranty* on qualifying roof systems.",1004859,2,Preferred Exterior Corp,(516) 549-5326,47,5,3,,https://www.gaf.com/en-us/roofing-contractors/residential/usa/ny/new-hyde-park/preferred-exterior-corp-1004859,https://www.preferredexterior.com/,In business since 1969
"Since its founding in 1996, Allied Brothers Home Corporation has become one of the largest and fastest-growing companies in New Jersey’s tri-state area. Our service area has completed hundreds of commercial and residential roofing, gutter, siding, window, and door projects. The quality of our craftsmanship has earned us outstanding ratings and positive reviews from our customers. Whether you’re looking for help with something minor or need an experienced professional to take on a larger scale project, we can handle it all. We offer top-notch work at fair and competitive prices. Contact us today for a free quote.","Award
President's Club Award; President's Club Award
GAF entrusts a select few Master Elite® contractors as President’s Club status, showing excellence in performance, reliability, and service --- signifying a commitment to installing roofing systems that qualify for GAF’s best warranties.","GAF Master Elite®; GAF Master Elite®
GAF entrusts Master Elite® contractors to offer our strongest warranties including the Golden Pledge® Limited Warranty* on qualifying roof systems.",1116285,3,Allied Brothers Home Corporation,(973) 566-3007,191,4.9,3,13VH08476800,https://www.gaf.com/en-us/roofing-contractors/residential/usa/nj/wayne/allied-brothers-home-corporation-1116285,https://alliedbrothers.net/,
"Jersey Roofing LLC is family owned since 1984,  with over 39 years of experience. 
6 Gold Award Winner's in 2018, 2019, 2020, 20212022 and 2023. 
Licensed and Fully Insured, our company is committed to providing you with the finest products, skilled workmanship and courteous service. Honest, dependable and reliable, you can TRUST the experienced professionals at Jersey Roofing LLC. We want you to know that we take your project seriously and we will work hard to build a lasting relationship. Call us to schedule a FREE estimate.  Financing available.","Award
President's Club Award; President's Club Award
GAF entrusts a select few Master Elite® contractors as President’s Club status, showing excellence in performance, reliability, and service --- signifying a commitment to installing roofing systems that qualify for GAF’s best warranties.","GAF Master Elite®; GAF Master Elite®
GAF entrusts Master Elite® contractors to offer our strongest warranties including the Golden Pledge® Limited Warranty* on qualifying roof systems.",1141159,4,Jersey Roofing LLC,(551) 368-0796,369,5,3,,https://www.gaf.com/en-us/roofing-contractors/residential/usa/nj/garfield/jersey-roofing-llc-1141159,https://jerseyroofingllc.com/,In business since 1995
"Established in 2002, Donny's Home Improvement is a home improvement company that has built a reputable name for quality workmanship and superior services.

Licensed and insured, you can trust our highly skilled specialists will provide you with top-notch results and a worry-free experience. Based in the state of NJ, our locally owned and operated business will cater to your needs, giving you personalized care as our valued client. With us, you can rest assured that the job will be done with skill and precision. We are detail-oriented, responsible, honest, prompt and affordable.

We also offer various roofing options to suit your budget and style preferences, including asphalt shingles, metal roofing, and rubber roofing.

If you have a property in need of professional home improvement services, contact us today. We will provide a clear and timely estimate and get the job done quickly. Donny's Home Improvement is your reliable service in the state of New Jersey with affordable rates and discounts for qualified buyers and veterans. Call us today.","Award
President's Club Award; President's Club Award
GAF entrusts a select few Master Elite® contractors as President’s Club status, showing excellence in performance, reliability, and service --- signifying a commitment to installing roofing systems that qualify for GAF’s best warranties.","GAF Master Elite®; GAF Master Elite®
GAF entrusts Master Elite® contractors to offer our strongest warranties including the Golden Pledge® Limited Warranty* on qualifying roof systems.",1139561,5,Donny's Home Improvement,(973) 381-3099,80,5,3,13VH12121100,https://www.gaf.com/en-us/roofing-contractors/residential/usa/nj/elmwood-park/donnys-home-improvement-1139561,https://www.donnysroofing.com/,In business since 2002
"Here at Blue Nail Exteriors, we make transforming your home effortless with our exceptional craftsmanship and attention to detail. Our fully staffed team and dedicated office are here to support you every step of the way—from the first call to the last nail. With our guidance, you'll feel informed, confident, and ready to protect and enhance your home for the next 30 years.

Contact us today for your free estimate!","Award
President's Club Award; President's Club Award
GAF entrusts a select few Master Elite® contractors as President’s Club status, showing excellence in performance, reliability, and service --- signifying a commitment to installing roofing systems that qualify for GAF’s best warranties.","GAF Master Elite®; GAF Master Elite®
GAF entrusts Master Elite® contractors to offer our strongest warranties including the Golden Pledge® Limited Warranty* on qualifying roof systems.",1113999,6,Blue Nail Exteriors,(908) 728-6750,283,4.9,3,,https://www.gaf.com/en-us/roofing-contractors/residential/usa/nj/montville/blue-nail-exteriors-1113999,https://bluenailnj.com/,In business since 2016
"Family owned and operated since 1974.  Roofing is our only business. No deposit, no payment due until your project is completed. Financing available.","Award
President's Club Award; President's Club Award
GAF entrusts a select few Master Elite® contractors as President’s Club status, showing excellence in performance, reliability, and service --- signifying a commitment to installing roofing systems that qualify for GAF’s best warranties.","GAF Master Elite®; GAF Master Elite®
GAF entrusts Master Elite® contractors to offer our strongest warranties including the Golden Pledge® Limited Warranty* on qualifying roof systems.",1001655,7,The Great American Roofing Company,(201) 831-7530,135,4.9,3,13VH04492500,https://www.gaf.com/en-us/roofing-contractors/residential/usa/nj/ramsey/the-great-american-roofing-company-1001655,https://www.thegreatamericanroofer.com/,
"Quality workmanship at a price you can afford, American Roofing is your trusted Roofing company!  We specialize is residential roofing, siding and windows and most  jobs are completed in one day.  We are fully insured and have received countless service awards, including BBB, Angie's List and Master Elite.","Award
President's Club Award; President's Club Award
GAF entrusts a select few Master Elite® contractors as President’s Club status, showing excellence in performance, reliability, and service --- signifying a commitment to installing roofing systems that qualify for GAF’s best warranties.","GAF Master Elite®; GAF Master Elite®
GAF entrusts Master Elite® contractors to offer our strongest warranties including the Golden Pledge® Limited Warranty* on qualifying roof systems.",1005677,8,American Roofing and Siding,(862) 660-9850,114,4.9,3,13VH00686300,https://www.gaf.com/en-us/roofing-contractors/residential/usa/nj/nutley/american-roofing-and-siding-1005677,https://americanroofingandsiding.com/,
"Serving our community for over 45 years .We have installed over 12,000 complete roofs in NASSAU AND SUFFOLK COUNTIES.WE HAVE WON THE ANGIES' LIST SUPER SERVICE AWARD every year since 2008. I treat all my customers the way my wife expects to be treated","Award
President's Club Award; President's Club Award
GAF entrusts a select few Master Elite® contractors as President’s Club status, showing excellence in performance, reliability, and service --- signifying a commitment to installing roofing systems that qualify for GAF’s best warranties.","GAF Master Elite®; GAF Master Elite®
GAF entrusts Master Elite® contractors to offer our strongest warranties including the Golden Pledge® Limited Warranty* on qualifying roof systems.",1003844,9,John Goess Roofing Inc,(934) 300-7686,53,4.9,3,,https://www.gaf.com/en-us/roofing-contractors/residential/usa/ny/westbury/john-goess-roofing-inc-1003844,https://www.johngoessroofing.com/,
"We are committed to providing you a worry free home renovation project. This is guaranteed thanks to our no money down process, free estimate and inspection along with full contact support before, during, and after the job is done. You can always expect us to pick the phone to work with you, resolve any issues that arise, or help with any future decisions. Even if you don’t go with us, we want to provide you with the information and confidence for when you are ready to move forward, and when that time comes, we’d love to be the company to help. When you go with Grapevine, you go with quality, professionalism, and unmatched customer service.","Award
President's Club Award; President's Club Award
GAF entrusts a select few Master Elite® contractors as President’s Club status, showing excellence in performance, reliability, and service --- signifying a commitment to installing roofing systems that qualify for GAF’s best warranties.","GAF Master Elite®; GAF Master Elite®
GAF entrusts Master Elite® contractors to offer our strongest warranties including the Golden Pledge® Limited Warranty* on qualifying roof systems.",1130919,10,Grapevine Pro,(848) 858-3756,367,4.8,3,13VH11091300,https://www.gaf.com/en-us/roofing-contractors/residential/usa/nj/iselin/grapevine-pro-1130919,https://www.grapevinepro.com/,In business since 2020
"About Brothers:  People often ask about our name, Brothers Aluminum- well the simple fact is when we first began changing the exterior look and functionality of homes 30 years ago, Aluminum was the ""new"" material of choice.  So yes times have changed, and the selection of exterior materials available from Vinyl Siding, Stucco, and  Fiber Cement have grown, our Name Brothers Aluminum remains the same.  You see we pride ourselves on our history, our reputation and the products and services we provide to our customers.  Having serviced over 60,000 homes on Long Island and the Tri-State area, for 30 years, it is our Name and our Reputation for providing excellent workmanship in a timely and professional manner that we pride ourselves on.  Our services have grown over the years, from a siding company to a full service remodeler with expertise in all phases of exterior home improvement, to an interior contractor- with complete Kitchen, Bathroom and Basement remodeling.   You can rest assured, any project we undertake will be completed with the utmost attention.  

When you think of quality, service and reputation there is only one name...... Brothers Aluminum","Award
President's Club Award; President's Club Award
GAF entrusts a select few Master Elite® contractors as President’s Club status, showing excellence in performance, reliability, and service --- signifying a commitment to installing roofing systems that qualify for GAF’s best warranties.","GAF Master Elite®; GAF Master Elite®
GAF entrusts Master Elite® contractors to offer our strongest warranties including the Golden Pledge® Limited Warranty* on qualifying roof systems.",1100696,11,Brothers Aluminum Home Improvements Corp,(516) 940-7609,282,4.8,3,,https://www.gaf.com/en-us/roofing-contractors/residential/usa/ny/valley-stream/brothers-aluminum-home-improvements-corp-1100696,https://www.streetbond.com/coatings,In business since 1979
"A K GATSIOS INC. is a New York based company that has completed projects throughout the tri-state area. They are a licensed and fully insured general contractor working with a staff of experienced personnel with over 15 years experience in the business.
A K GATSIOS INC. specializes in all types of residential and commercial projects and is committed to the highest standard of safety performance consistent with sound construction practices. Providing a clean and safe working environment is a priority.

Their successful track record of bringing in projects on schedule and within budget, while maintaining a high quality of workmanship without compromising detail, makes them proud. It's been proven that they are able to quickly adapt to the needs of their clients. A K GATSIOS INC. provides, consulting, pre-construction, and complete finishes.

If their services could be of use to you at any time, A K GATSIOS INC. welcomes the opportunity to work with you on your next project. Please feel free to explore the site keeping in mind that no job is too big or to small.

Please contact us via email, facebook or phone to further assist you. 

Thank You so much,

Regards,
Alkis",,"GAF Master Elite®; GAF Master Elite®
GAF entrusts Master Elite® contractors to offer our strongest warranties including the Golden Pledge® Limited Warranty* on qualifying roof systems.",1101267,12,AK Gatsios Inc,(646) 934-6697,310,5,3,,https://www.gaf.com/en-us/roofing-contractors/residential/usa/ny/bronx/ak-gatsios-inc-1101267,https://www.streetbond.com/coatings,
CRS is a family owned and operated roofing company that was established in 1977.,,"GAF Master Elite®; GAF Master Elite®
GAF entrusts Master Elite® contractors to offer our strongest warranties including the Golden Pledge® Limited Warranty* on qualifying roof systems.",1002688,13,Complete Roof Systems,(551) 900-2410,307,5,3,13VH03467900,https://www.gaf.com/en-us/roofing-contractors/residential/usa/nj/dumont/complete-roof-systems-1002688,https://crsroofing.net/,
"American Home Contractors is a full service Roofing, Windows, and Siding company. Our commitment to detailed workmanship, quality products and responsive service has helped build our excellent reputation with homeowners in the past 15 years. As one of the leading siding, roofing and windows contractors in New Jersey, we understand that Your Satisfaction Means Everything. Our commitment is on our customer’s 100% satisfaction, and will strive to exceed your expectations.
Conveniently located in Florham Park NJ, American Home Contractors has become the destination for top-quality window, roofing, and siding solutions for New Jersey homes. Please contact us to schedule a free, in-home consultation and learn more about our superior difference.
CALL US AT (908) 679-9050 TO SCHEDULE YOUR FREE CONSULTATION!",,"GAF Master Elite®; GAF Master Elite®
GAF entrusts Master Elite® contractors to offer our strongest warranties including the Golden Pledge® Limited Warranty* on qualifying roof systems.",1005149,14,American Home Contractors Inc,(908) 679-9050,243,5,3,13VH05517600,https://www.gaf.com/en-us/roofing-contractors/residential/usa/nj/florham-park/american-home-contractors-inc-1005149,https://njahc.com/,In business since 2009
"RH Renovation LLC is a full-service exterior construction and renovation company based in New York City. We offer one of the best construction services in New York for both Commercial and Residential use. Our methods are fully certified and ergonomic. We use modern techniques that allow us to work fast, keep the costs low and reach the highest quality.
Our exterior construction and renovation services include: Roofing, Chimney, Gutter, Skylight, Siding, and more.
Our Service Areas are:
Westchester, Bronx, Queens, Brooklyn,",,"GAF Master Elite®; GAF Master Elite®
GAF entrusts Master Elite® contractors to offer our strongest warranties including the Golden Pledge® Limited Warranty* on qualifying roof systems.",1143942,15,RH Renovation LLC,(332) 378-0045,228,5,3,,https://www.gaf.com/en-us/roofing-contractors/residential/usa/ny/bronx/rh-renovation-llc-1143942,https://rhrenovationnyc.com/,In business since 2015
"B&B has been proudly serving residents across all 5 boroughs and New jersey as roofing contractors. We are a family owned and operated business that places the needs of each customer before our selves. Whether you need a new roof, roof repairs, gutters or waterproofing “We’ve Got You Covered”. We’ve served countless homeowners in the last decade and we are always happy to work with both new and existing customers. The safety and value of your property is our priority, and with our roofing services you can be sure your home is always in top shape.",,"GAF Master Elite®; GAF Master Elite®
GAF entrusts Master Elite® contractors to offer our strongest warranties including the Golden Pledge® Limited Warranty* on qualifying roof systems.",1116738,16,B&B Contracting Corp,(929) 702-1676,211,5,3,,https://www.gaf.com/en-us/roofing-contractors/residential/usa/ny/staten-island/bb-contracting-corp-1116738,https://www.streetbond.com/coatings,
,,"GAF Master Elite®; GAF Master Elite®
GAF entrusts Master Elite® contractors to offer our strongest warranties including the Golden Pledge® Limited Warranty* on qualifying roof systems.",1107024,17,MNT Roofing & Siding,(862) 352-3699,115,5,3,13VH09844100,https://www.gaf.com/en-us/roofing-contractors/residential/usa/nj/totowa/mnt-roofing-siding-1107024,https://mntroofing.com/,In business since 2013
,,"GAF Master Elite®; GAF Master Elite®
GAF entrusts Master Elite® contractors to offer our strongest warranties including the Golden Pledge® Limited Warranty* on qualifying roof systems.",1143894,18,Golden Key Construction Group Inc,(929) 702-1036,90,5,3,,https://www.gaf.com/en-us/roofing-contractors/residential/usa/ny/staten-island/golden-key-construction-group-inc-1143894,https://www.streetbond.com/coatings,In business since 2011
,,"GAF Master Elite®; GAF Master Elite®
GAF entrusts Master Elite® contractors to offer our strongest warranties including the Golden Pledge® Limited Warranty* on qualifying roof systems.",1124727,19,Hammer Exteriors LLC,(862) 437-3219,82,5,3,13VH10818400,https://www.gaf.com/en-us/roofing-contractors/residential/usa/nj/south-plainfield/hammer-exteriors-llc-1124727,https://www.streetbond.com/coatings,
"At Future Remodeling, we believe that by transforming our homes, we can transform our lives. Experience remodeling like never before. From the first consultation to the final reveal, we make every step effortless and transparent. Forward-thinking is part of our DNA, and we apply it to everything we do to ensure results exceed expectations (because we believe your home’s exterior should be as innovative as you are.) Discover how we’re revolutionizing the future of home exteriors!",,"GAF Master Elite®; GAF Master Elite®
GAF entrusts Master Elite® contractors to offer our strongest warranties including the Golden Pledge® Limited Warranty* on qualifying roof systems.",1148691,20,Future Remodeling,(201) 371-5515,73,5,3,13VH13329600,https://www.gaf.com/en-us/roofing-contractors/residential/usa/nj/bergenfield/future-remodeling-1148691,https://futureremodeling.com/,In business since 2014
"Reisch Roofing and Construction LLC was founded on the principles of fast, friendly service, and quality workmanship. They noticed a void for honest contractors who will work hard, say what they do, and do what they say. Therefore, they set out to fill that void by opening Reisch Roofing and Construction LLC.

Reisch Roofing and Construction LLCs size and stability allows them to have professional roof inspectors at your property to inspect the roof before and after every job. This ensures the highest level of quality and workmanship. Customer satisfaction is Reisch Roofing and Construction LLCs top priority.

Reisch Roofing and Construction LLC is dedicated to providing their customers with quality that they can trust. They work directly with real estate agencies, property management companies, claims adjusters, insurance companies, homeowners, and more to provide the best direct service for their customers. It is because of Reisch Roofing and Construction LLCs values rooted in honesty and integrity that the company has a positive image with their customers. Reisch Roofing and Construction LLCs customers referrals are proof that they do what we say and say what they do. Reisch Roofing and Construction LLC is thankful for all the kind words and blessings that are generated from their customers.

Overall, Reisch Roofing and Construction LLCs roofing and remodeling services are implemented by some of the best installers in the roofing industry, and Reisch Roofing and Construction LLC prides themselves with providing you with long lasting quality.",,"GAF Master Elite®; GAF Master Elite®
GAF entrusts Master Elite® contractors to offer our strongest warranties including the Golden Pledge® Limited Warranty* on qualifying roof systems.",1118403,21,Reisch Roofing and Construction LLC,(855) 444-2111,70,5,3,13VH09822200,https://www.gaf.com/en-us/roofing-contractors/residential/usa/nj/pompton-plains/reisch-roofing-and-construction-llc-1118403,https://reischroofing.com/,
"All Professional Remodeling Group has been on top of the roofing, siding, metal, and window industry in Northern New Jersey for over 28 years. Our backbone has always been our dedication to satisfying our customers needs and providing the highest quality of work for every single project we take on. With an array of certficataions, including being GAF Master Elite Roofing Contractors and GAF Master Commecial Roofing Installers just to name a few, we have the full backing of the largest roofing manufacturer in the country. Give us a call at 973-571-3052 to assist you with any exterior projects you may have!",,"GAF Master Elite®; GAF Master Elite®
GAF entrusts Master Elite® contractors to offer our strongest warranties including the Golden Pledge® Limited Warranty* on qualifying roof systems.",1001104,22,All Professional Remodeling Group LLC,(973) 571-3052,43,5,3,,https://www.gaf.com/en-us/roofing-contractors/residential/usa/nj/cedar-grove/all-professional-remodeling-group-llc-1001104,https://www.toproofernj.com/,In business since 1996
,,"GAF Master Elite®; GAF Master Elite®
GAF entrusts Master Elite® contractors to offer our strongest warranties including the Golden Pledge® Limited Warranty* on qualifying roof systems.",1125170,23,NYC General Pro Roofing Inc,(929) 730-7846,35,5,3,,https://www.gaf.com/en-us/roofing-contractors/residential/usa/ny/brooklyn/nyc-general-pro-roofing-inc-1125170,https://www.streetbond.com/coatings,In business since 2019
"We are a family owned, fully licensed and insured home improvement company, using all American made materials, specializing in roofing, siding, gutters and window installation for commercial buildings and residential homes.",,"GAF Master Elite®; GAF Master Elite®
GAF entrusts Master Elite® contractors to offer our strongest warranties including the Golden Pledge® Limited Warranty* on qualifying roof systems.",1104793,24,Kelly Exteriors,(201) 977-1076,29,5,3,,https://www.gaf.com/en-us/roofing-contractors/residential/usa/nj/emerson/kelly-exteriors-1104793,https://www.kellyexteriorsnj.com/,In business since 1994
,,"GAF Master Elite®; GAF Master Elite®
GAF entrusts Master Elite® contractors to offer our strongest warranties including the Golden Pledge® Limited Warranty* on qualifying roof systems.",1000796,25,McLeod Brothers Inc,(914) 712-8203,21,5,3,,https://www.gaf.com/en-us/roofing-contractors/residential/usa/ny/new-rochelle/mcleod-brothers-inc-1000796,https://www.streetbond.com/coatings,
"A.R.M. ROOFING is in it’s fifth decade of service in the roofing industry.  Our commitment to providing our customers with the best products available at the best possible price has proven to be successful.  

Today, A.R.M. ROOFING is recognized as a leader in the metropolitan area dedicated to professionalism, service and confidence through experience.
 We offer 24 hour emergency services as well as our standard prompt and courteous services.  We are confident that you will find our success is due to our competitive pricing, performance and professionalism.  
There are many roofing companies, but none like ours.  Our staff has practical experience and expert training in every aspect of the roofing industry (estimating and field application) including required OSHA training classes.  We are also fully insured and licensed and have bonding capabilities.",,"GAF Master Elite®; GAF Master Elite®
GAF entrusts Master Elite® contractors to offer our strongest warranties including the Golden Pledge® Limited Warranty* on qualifying roof systems.",1000079,26,ARM Roofing,(914) 586-9055,8,5,3,,https://www.gaf.com/en-us/roofing-contractors/residential/usa/ny/elmsford/arm-roofing-1000079,https://www.armroofinginc.com/,
,,"GAF Master Elite®; GAF Master Elite®
GAF entrusts Master Elite® contractors to offer our strongest warranties including the Golden Pledge® Limited Warranty* on qualifying roof systems.",1124078,27,All Site Roofing,(516) 970-5958,7,5,3,NJ License 13VH12617800,https://www.gaf.com/en-us/roofing-contractors/residential/usa/ny/franklin-square/all-site-roofing-1124078,https://www.streetbond.com/coatings,In business since 2016
,,"GAF Master Elite®; GAF Master Elite®
GAF entrusts Master Elite® contractors to offer our strongest warranties including the Golden Pledge® Limited Warranty* on qualifying roof systems.",1135593,28,All Seasons Roofing LLC,(929) 730-5536,5,5,3,,https://www.gaf.com/en-us/roofing-contractors/residential/usa/ny/staten-island/all-seasons-roofing-llc-1135593,https://www.streetbond.com/coatings,In business since 2021
A Father and son business established in 1993 serving the five boroughs of New York City and New Jersey for 26 years.,,"GAF Master Elite®; GAF Master Elite®
GAF entrusts Master Elite® contractors to offer our strongest warranties including the Golden Pledge® Limited Warranty* on qualifying roof systems.",1120367,29,A&S Construction & Son Inc,(929) 644-7450,1,5,1,13VH10899200,https://www.gaf.com/en-us/roofing-contractors/residential/usa/ny/brooklyn/as-construction-son-inc-1120367,https://www.streetbond.com/coatings,In business since 1993
,,"GAF Master Elite®; GAF Master Elite®
GAF entrusts Master Elite® contractors to offer our strongest warranties including the Golden Pledge® Limited Warranty* on qualifying roof systems.",1004105,30,GC Dynatech Construction LLC,(732) 468-7442,1,5,0,13VH10740700,https://www.gaf.com/en-us/roofing-contractors/residential/usa/nj/south-amboy/gc-dynatech-construction-llc-1004105,https://www.streetbond.com/coatings,In business since 2008
,,"GAF Master Elite®; GAF Master Elite®
GAF entrusts Master Elite® contractors to offer our strongest warranties including the Golden Pledge® Limited Warranty* on qualifying roof systems.",63229,31,VMG Group,(862) 428-2460,1,5,1,13VH00768600,https://www.gaf.com/en-us/roofing-contractors/residential/usa/nj/roselle/vmg-group-63229,https://www.streetbond.com/coatings,
"From Roof Repairs to Replacements ""We got you Covered"". Since 1985, Long Island Roofing has been providing cost-effective solutions in the roofing industry, all while keeping our customers as our number one focus. Whether it is a complete new roof or a simple repair, Long Island Roofing can guide you through the roofing process, making it easy and seamless as possible. We are a full service licensed, insured  and bonded company and we are experts in all forms of roof work including shingles, flat, tiles slate, metal, roof repairs Solar Roofing, Skylights, chimney flashingsand seamless gutters and leaders. We also provide quick 24 hour emergency repair services for any rofoing system, should the need arise. We are proud to be a long standing GAF Master Elite Contractor while providing our clients the best materials in the  roofing industry along with the highest quality of service at a reasonable cost.",,"GAF Master Elite®; GAF Master Elite®
GAF entrusts Master Elite® contractors to offer our strongest warranties including the Golden Pledge® Limited Warranty* on qualifying roof systems.",1005906,32,Long Island Roofing and Repairs Service,(516) 530-7806,334,4.9,3,,https://www.gaf.com/en-us/roofing-contractors/residential/usa/ny/north-bellmore/long-island-roofing-and-repairs-service-1005906,https://www.longislandroofing.com/,In business since 1989
"R and G Family business , working in essex county for the last 25 year",,"GAF Master Elite®; GAF Master Elite®
GAF entrusts Master Elite® contractors to offer our strongest warranties including the Golden Pledge® Limited Warranty* on qualifying roof systems.",1004426,33,R&G Services Corp,(973) 324-9461,249,4.9,3,13VH01748500,https://www.gaf.com/en-us/roofing-contractors/residential/usa/nj/orange/rg-services-corp-1004426,https://rghomeservices.com/,In business since 2000
"Because experience doesn't always equal superior quality, The Carpenter's Touch has worked hard to earn a number of industry and professional recognitions and awards to improve our services and show our customers that we're truly dedicated to our work. Know that we are a GAF Certified Master Elite Roofing Contractor as well as a 2017 James Hardie President's Club Award Winning Preferred Contractor. You're sure to be pleased to learn that we're also recipients of the 2016 Angie's List Super Service Award, of which only roughly five percent of Angie's List businesses meet the necessary requirements.",,"GAF Master Elite®; GAF Master Elite®
GAF entrusts Master Elite® contractors to offer our strongest warranties including the Golden Pledge® Limited Warranty* on qualifying roof systems.",1100484,34,The Carpenter's Touch LLC,(862) 746-6263,156,4.9,3,13VH03012100,https://www.gaf.com/en-us/roofing-contractors/residential/usa/nj/livingston/the-carpenters-touch-llc-1100484,https://carpenterstouchnj.com/,In business since 2004
,,"GAF Master Elite®; GAF Master Elite®
GAF entrusts Master Elite® contractors to offer our strongest warranties including the Golden Pledge® Limited Warranty* on qualifying roof systems.",1100365,35,Above & Beyond Exterior Remodelers,(732) 808-6585,129,4.9,3,13VH07511000,https://www.gaf.com/en-us/roofing-contractors/residential/usa/nj/fords/above-beyond-exterior-remodelers-1100365,https://www.streetbond.com/coatings,In business since 2013
"Residential Roof/Commercial Roof specialist. Northern New Jersey.
Morris County, Essex County, Somerset County, Union County.
30-year Workmanship Warranty.
Roofing-Siding-Windows-Gutter Guards",,"GAF Master Elite®; GAF Master Elite®
GAF entrusts Master Elite® contractors to offer our strongest warranties including the Golden Pledge® Limited Warranty* on qualifying roof systems.",1003499,36,CKG Contractors Inc,(973) 793-1007,129,4.9,3,13VH01320200,https://www.gaf.com/en-us/roofing-contractors/residential/usa/nj/parsippany/ckg-contractors-inc-1003499,https://ckgcontractors.com/,In business since 1999
,,"GAF Master Elite®; GAF Master Elite®
GAF entrusts Master Elite® contractors to offer our strongest warranties including the Golden Pledge® Limited Warranty* on qualifying roof systems.",1137852,37,HK Builders Corp,(929) 680-7663,113,4.9,3,,https://www.gaf.com/en-us/roofing-contractors/residential/usa/ny/flushing/hk-builders-corp-1137852,https://www.streetbond.com/coatings,In business since 2018
"Loja’s Home Improvement Plus LLC in Newark, NJ, takes great pride in our experience, expertise, quality, and customer service that we provide to meet the needs of the consumer. It is our mission to provide excellent workmanship and complete customer satisfaction from start to completion of a project. Lojas Roofing and Sidings is a leader and well known as a roofing contractor in Montville, NJ! In order to understand the needs and expectations of our customers, we take great care to work and communicate with every customer in a professional manner. Our reputation is based on service, safety, and quality, regardless of how large or small the job.​",,"GAF Master Elite®; GAF Master Elite®
GAF entrusts Master Elite® contractors to offer our strongest warranties including the Golden Pledge® Limited Warranty* on qualifying roof systems.",1119370,38,Lojas Home Improvement Plus LLC,(973) 604-5235,91,4.9,3,13VH08779200,https://www.gaf.com/en-us/roofing-contractors/residential/usa/nj/union/lojas-home-improvement-plus-llc-1119370,https://www.lojashomeimprovementllc.com/,
,,"GAF Master Elite®; GAF Master Elite®
GAF entrusts Master Elite® contractors to offer our strongest warranties including the Golden Pledge® Limited Warranty* on qualifying roof systems.",1112309,39,One Call Construction,(855) 600-5041,89,4.9,3,PA,https://www.gaf.com/en-us/roofing-contractors/residential/usa/nj/hawthorne/one-call-construction-1112309,https://www.streetbond.com/coatings,In business since 2011
,,"GAF Master Elite®; GAF Master Elite®
GAF entrusts Master Elite® contractors to offer our strongest warranties including the Golden Pledge® Limited Warranty* on qualifying roof systems.",1108705,40,American Quality Home Improvements LLC,(844) 869-0685,73,4.9,3,,https://www.gaf.com/en-us/roofing-contractors/residential/usa/nj/belleville/american-quality-home-improvements-llc-1108705,https://www.aqroofingnj.com/,In business since 2008
"Our team of Roofing, Siding, Skylight, Chimney, Gutter, and Painting experts at the American Star Contractor Corp love all of our communities throughout NY. Maybe it’s the fact that we live here, and we work here. Or that we have years of experience helping your homes look “just a little bit nicer” because of our work? Maybe it’s because we take pride in the fact that we are consistently rated as one of the leading construction companies in all of New York? We honestly take pride in all of our work, and we love what we do. We hope to help you with any work on your property soon. We’re confident you’ll love what we do! We are just a call away! The professionals at the American Star Contracting Corp will make sure that your queries are dealt with on a priority basis. A team of our professionals will visit your location in Eastchester NY, Westchester NY, West Harrison NY, and Mamaroneck NY. Get experienced, efficient and durable services with the American Star Contracting Corp.


Call us for a FREE ESTIMATE",,"GAF Master Elite®; GAF Master Elite®
GAF entrusts Master Elite® contractors to offer our strongest warranties including the Golden Pledge® Limited Warranty* on qualifying roof systems.",1121148,41,American Star Contractor Corp,(862) 418-8171,64,4.9,3,,https://www.gaf.com/en-us/roofing-contractors/residential/usa/ny/bronx/american-star-contractor-corp-1121148,https://www.americanstarcontractor.com/,
"LGM General Construction LLC has 30 years of experience of in new roof installation, repairs, and maintenance. Fully insured and Licensed. Our team is extensively trained to deliver prompt, professional service, to help your home look its best",,"GAF Master Elite®; GAF Master Elite®
GAF entrusts Master Elite® contractors to offer our strongest warranties including the Golden Pledge® Limited Warranty* on qualifying roof systems.",1112549,42,LGM Roofing Contractor,(973) 604-5166,64,4.9,3,13VH09733600,https://www.gaf.com/en-us/roofing-contractors/residential/usa/nj/bloomfield/lgm-roofing-contractor-1112549,https://www.lgmgc.com/,In business since 2006
"R.K. Roofing, Inc. strives for excellence.  The crews are skilled professionals whose main objective is to get the job done in a speedy yet cautious manner.  Being in the business for over 40 years has earned us a valued reputation of reliability and professionalism.  R.K. Roofing, Inc. carries a wide selection of shingles, siding, gutters & leaders which contributes to the homeowners final decision as to what will make their house feel like a warm and secure home.  Roofing with R.K. Roofing Inc. as stated by the hundreds of homeowners who have trusted in our Company to give the highest quality job at such affordable prices, ""we are homeowner friendly"".  As noted by R.K. Roofing, Inc. the simple pleasure of looking at your roof and knowing it has a degree of elegance and creativity makes the home a much more comfortable abode.",,"GAF Master Elite®; GAF Master Elite®
GAF entrusts Master Elite® contractors to offer our strongest warranties including the Golden Pledge® Limited Warranty* on qualifying roof systems.",1002346,43,RK Roofing Inc,(862) 529-6612,39,4.9,3,13VH01063600,https://www.gaf.com/en-us/roofing-contractors/residential/usa/nj/caldwell/rk-roofing-inc-1002346,https://www.streetbond.com/coatings,
"B & W Group Inc. has been providing professional roofing and siding services in NY, NJ and CT. We strive to satisfy our customers with high quality product that will last leak free for years. No matter the size of the project B & W Group will provide peace of mind backed by the best GAF Gaolden Pledge warranty.
B & W Group as GAF Solar Elite Contractor now offers the DecoTech Solar Rooding System. It’s a elegant low profile high output solar panels that deliver optimal performance for affordable price. B & W Group can install both the DecoTech System and roofing system at the same time wrapped under one warranty backed by GAF.",,"GAF Master Elite®; GAF Master Elite®
GAF entrusts Master Elite® contractors to offer our strongest warranties including the Golden Pledge® Limited Warranty* on qualifying roof systems.",1003008,44,B&W Group Inc,(914) 999-9891,37,4.9,3,HIC.0650244,https://www.gaf.com/en-us/roofing-contractors/residential/usa/nj/montvale/bw-group-inc-1003008,https://www.roofingwestchesterny-hq.com/,In business since 2016
,,"GAF Master Elite®; GAF Master Elite®
GAF entrusts Master Elite® contractors to offer our strongest warranties including the Golden Pledge® Limited Warranty* on qualifying roof systems.",1139996,45,MK Best Roofing,(934) 414-6585,36,4.9,3,,https://www.gaf.com/en-us/roofing-contractors/residential/usa/ny/roosevelt/mk-best-roofing-1139996,https://www.streetbond.com/coatings,In business since 2019
"Prodigy Contracting Inc has over 20 years experience in roofing.  We are a Veteran owned business, we have protected our great country so now let us protect your beautiful  home with he highest quality shingle in GAF.  ""We got you covered""",,"GAF Master Elite®; GAF Master Elite®
GAF entrusts Master Elite® contractors to offer our strongest warranties including the Golden Pledge® Limited Warranty* on qualifying roof systems.",1103991,46,Prodigy Contracting Inc,(934) 414-6797,36,4.9,3,,https://www.gaf.com/en-us/roofing-contractors/residential/usa/ny/franklin-square/prodigy-contracting-inc-1103991,https://www.prodigycontracting.net/,
"We are here to help with your home roofing needs.
Easy process from the first call to a beautiful new roof.
Call today.",,"GAF Master Elite®; GAF Master Elite®
GAF entrusts Master Elite® contractors to offer our strongest warranties including the Golden Pledge® Limited Warranty* on qualifying roof systems.",1002371,47,Rebuild America,(516) 540-7978,29,4.9,3,,https://www.gaf.com/en-us/roofing-contractors/residential/usa/ny/mineola/rebuild-america-1002371,https://www.streetbond.com/coatings,
"A Real Advantage Inc is a trusted fully licensed and insured family owed and operated construction company.  It is our goal to work with the community hand in hand, improving our neighborhood one job at a time.  We have an A+ rating with the Better Business Bureau (BBB) since 1992 and associated with Angie's list since 2011.  At A Real Advantage we take extreme pride in the honest and dependable services that we have to offer.  Estimates are FREE, so please call today for your complimentary estimate and let us show you the Real Advantage in home construction today!  Please feel free to visit our website to review more information on our company and the other services we have to offer.",,"GAF Master Elite®; GAF Master Elite®
GAF entrusts Master Elite® contractors to offer our strongest warranties including the Golden Pledge® Limited Warranty* on qualifying roof systems.",1002963,48,A Real Advantage Inc,(929) 933-2698,23,4.9,3,,https://www.gaf.com/en-us/roofing-contractors/residential/usa/ny/jamaica/a-real-advantage-inc-1002963,https://www.streetbond.com/coatings,
,,"GAF Master Elite®; GAF Master Elite®
GAF entrusts Master Elite® contractors to offer our strongest warranties including the Golden Pledge® Limited Warranty* on qualifying roof systems.",1136285,49,ADH Group,(929) 674-6592,568,4.8,3,,https://www.gaf.com/en-us/roofing-contractors/residential/usa/ny/jackson-heights/adh-group-1136285,https://www.streetbond.com/coatings,In business since 2015
,,"GAF Master Elite®; GAF Master Elite®
GAF entrusts Master Elite® contractors to offer our strongest warranties including the Golden Pledge® Limited Warranty* on qualifying roof systems.",1118752,50,A&J Professional Services Inc,(908) 883-6754,213,4.8,3,13VH03110900,https://www.gaf.com/en-us/roofing-contractors/residential/usa/nj/south-plainfield/aj-professional-services-inc-1118752,https://ajproroofers.com/,In business since 2004
"Service provided: Siding, Roofing, Gutters, Windows. Family Owned and operated since 1994. Serving Staten Island NY, Brooklyn NY, Central New Jersey.",,"GAF Master Elite®; GAF Master Elite®
GAF entrusts Master Elite® contractors to offer our strongest warranties including the Golden Pledge® Limited Warranty* on qualifying roof systems.",1103353,51,B&B Siding and Roofing,(929) 730-7801,157,4.8,3,,https://www.gaf.com/en-us/roofing-contractors/residential/usa/ny/staten-island/bb-siding-and-roofing-1103353,https://www.bbsiding.com/,In business since 1994
"SECI Construction Inc has been in business for 50 years! We are family owned and operated. We serve all of NJ, Eastern PA, NY, and CT from our multiple locations. We specialize in Roofing, Siding, Windows, and Masonry.",,"GAF Master Elite®; GAF Master Elite®
GAF entrusts Master Elite® contractors to offer our strongest warranties including the Golden Pledge® Limited Warranty* on qualifying roof systems.",1136200,52,Seci Construction Inc,(844) 819-9265,122,4.8,3,13VH01502700,https://www.gaf.com/en-us/roofing-contractors/residential/usa/nj/clifton/seci-construction-inc-1136200,https://www.seciconstructioninc.com/,In business since 2006
"At J. Salvatore & Sons, Inc., we know that you have a choice in choosing a contractor and we'd like that choice to be us. Choose us for our excellent workmanship, unparalleled work ethic, affordable prices, and expertise.

J. Salvatore & Sons Roofing, a family business, successfully serving its respected customers since 1921 in New York and the Tri-state area. We know how important is to maintain and repair your family home, commercial building, warehouse or office.

As one of the oldest roofing contractor companies among Bronx Roofing Contractors, Manhattan Roofing Contractors, Queens Roofing Contractors, expert NY Roofers, dependable New York Roofing Company, whom serving New York City and NY State, we are licensed, bonded and fully insured. We provide written guarantees, free estimate, inspection and assistance with your roofing project(s). We specialized in Slate, Tile, Wood, Metal & Cooper roofing. - See more at: http://www.nyroofer.com",,"GAF Master Elite®; GAF Master Elite®
GAF entrusts Master Elite® contractors to offer our strongest warranties including the Golden Pledge® Limited Warranty* on qualifying roof systems.",1003498,53,J Salvatore & Sons Inc,(914) 786-4839,89,4.8,3,,https://www.gaf.com/en-us/roofing-contractors/residential/usa/ny/yonkers/j-salvatore-sons-inc-1003498,https://www.nyroofer.com/,In business since 1921
,,"GAF Master Elite®; GAF Master Elite®
GAF entrusts Master Elite® contractors to offer our strongest warranties including the Golden Pledge® Limited Warranty* on qualifying roof systems.",1119153,54,Big Apple Renovators,(929) 667-7480,26,4.8,3,,https://www.gaf.com/en-us/roofing-contractors/residential/usa/ny/astoria/big-apple-renovators-1119153,https://www.streetbond.com/coatings,In business since 2016
,,"GAF Master Elite®; GAF Master Elite®
GAF entrusts Master Elite® contractors to offer our strongest warranties including the Golden Pledge® Limited Warranty* on qualifying roof systems.",1124212,55,Victory Home Remodeling LLC,(908) 258-6841,1939,4.7,3,13VH10669300,https://www.gaf.com/en-us/roofing-contractors/residential/usa/nj/edison/victory-home-remodeling-llc-1124212,https://www.victoryhrg.com/,In business since 2019
"Dior Construction is a family owned and operated company specializing in all systems of roofing for residential and commercial properties. From shingle roofs to flat roofs and everything in between, Dior Construction is your trusted neighborhood provider for premium roof installation. We understand any renovation can be intimidating, and we will guide you through the process of installing your new roof to guarantee your satisfaction. At Dior Construction, we care about our clients, and we maintain ongoing relationships to ensure our projects stand the test of time.",,"GAF Master Elite®; GAF Master Elite®
GAF entrusts Master Elite® contractors to offer our strongest warranties including the Golden Pledge® Limited Warranty* on qualifying roof systems.",1104750,56,Dior Construction,(551) 373-9861,273,4.7,3,13VH07935700,https://www.gaf.com/en-us/roofing-contractors/residential/usa/nj/bergenfield/dior-construction-1104750,https://www.diorconstruction.com/,
,,"GAF Master Elite®; GAF Master Elite®
GAF entrusts Master Elite® contractors to offer our strongest warranties including the Golden Pledge® Limited Warranty* on qualifying roof systems.",1100471,57,Window Depot USA of Lower NY,(516) 464-5672,206,4.7,3,,https://www.gaf.com/en-us/roofing-contractors/residential/usa/ny/south-hempstead/window-depot-usa-of-lower-ny-1100471,https://www.streetbond.com/coatings,In business since 2011
"Royal Renovators Inc. is a fully licensed and insured full-service roofing and other exterior renovations company with offices throughout the New York City area, including Queens, Brooklyn, Manhattan, the Bronx as well as Long Island. Our employees are committed to providing the highest quality service, both workmanship and customer service. Our reputation for quality has been recognized by hundreds of 5-star ratings on Google, YELP, Angie's List, and other such review websites. Royal is also BBB Accreditation with an A+ rating, is a GAF Master Elite shingle roofing contractor and in the GAF President's Club. Thousands of projects have been completed for happy property owners, and our honors and awards reflect that we are Brooklyn and Queens top roofing contractor, because we treat our customers like royalty while keeping costs down. Contact us today to set up your fast & free at-home estimate.",,"GAF Master Elite®; GAF Master Elite®
GAF entrusts Master Elite® contractors to offer our strongest warranties including the Golden Pledge® Limited Warranty* on qualifying roof systems.",1109076,58,Royal Renovators Inc,(929) 734-8220,169,4.7,3,,https://www.gaf.com/en-us/roofing-contractors/residential/usa/ny/forest-hills/royal-renovators-inc-1109076,https://www.nycrenovators.com/,
"Kamtech Restoration Corp is a family-owned contractor located right here in NYC between Dyker Heights and Bensonhurst in Brooklyn. We specialize in roofing and installing SOLAR energy across the 5 boroughs in New York City, Long Island and in New Jersey. We install for our own customers and as a subcontractor for many vendors. Our internal residential and commercial solar division is Kamtech Solar Solutions.",,"GAF Master Elite®; GAF Master Elite®
GAF entrusts Master Elite® contractors to offer our strongest warranties including the Golden Pledge® Limited Warranty* on qualifying roof systems.",1112005,59,Kamtech Restoration Corp,(347) 967-4025,122,4.7,3,,https://www.gaf.com/en-us/roofing-contractors/residential/usa/ny/brooklyn/kamtech-restoration-corp-1112005,https://www.streetbond.com/coatings,
,,"GAF Master Elite®; GAF Master Elite®
GAF entrusts Master Elite® contractors to offer our strongest warranties including the Golden Pledge® Limited Warranty* on qualifying roof systems.",1103391,60,Window Galaxy USA,(888) 434-1179,100,4.7,3,13VH06595400,https://www.gaf.com/en-us/roofing-contractors/residential/usa/nj/south-amboy/window-galaxy-usa-1103391,https://www.streetbond.com/coatings,In business since 2005
"At SmartRoof, our innovative roofing and solar solutions turn home improvement dreams into reality; transforming homes and empowering lives with energy-efficient upgrades.",,"GAF Master Elite®; GAF Master Elite®
GAF entrusts Master Elite® contractors to offer our strongest warranties including the Golden Pledge® Limited Warranty* on qualifying roof systems.",1141740,61,SmartRoof LLC,(877) 539-1817,85,4.7,3,,https://www.gaf.com/en-us/roofing-contractors/residential/usa/nj/parsippany/smartroof-llc-1141740,https://smartroofinc.com/,In business since 2016
"We believe that quality craftsmanship and design are just the beginning in installing a successful roofing system. We go beyond the basics with our innovative maintenance programs, extended warranties and great customer service ensuring our customers' satisfaction and their roof's long term performance.

We pride ourselves on long-term relationships with our clients.",,"GAF Master Elite®; GAF Master Elite®
GAF entrusts Master Elite® contractors to offer our strongest warranties including the Golden Pledge® Limited Warranty* on qualifying roof systems.",1111750,62,All Pro Roofing & Siding Inc,(929) 995-5641,82,4.7,3,,https://www.gaf.com/en-us/roofing-contractors/residential/usa/ny/staten-island/all-pro-roofing-siding-inc-1111750,https://www.streetbond.com/coatings,
"Tico’s Carpentry and Roofing, LLC. is a fully licensed registered and insured company located in Union, NJ. With over 15 years of combined experience, we specialize in building and remodeling projects; not only do we build it well, but we build it the best way. We pride ourselves at being masters of our trade. Most importantly, we all share a commitment to quality work and attention to detail. We approach each project with enthusiasm and finish with pride.

Tico’s strives in making all of our projects to be of the highest quality, but also to be completed efficiently and on schedule. Your carpentry or roofing project must be done with thorough planning and accurate estimating. You need to feel complete confidence in the work and the company that does it. No matter what type of project you may be planning, Tico’s Carpentry and Roofing, LLC. has the knowledge and experience to guarantee the project is professionally done within the budget.",,"GAF Master Elite®; GAF Master Elite®
GAF entrusts Master Elite® contractors to offer our strongest warranties including the Golden Pledge® Limited Warranty* on qualifying roof systems.",1001885,63,Tico's Carpentry and Roofing LLC,(908) 921-2841,30,4.7,3,13VH05483900,https://www.gaf.com/en-us/roofing-contractors/residential/usa/nj/union/ticos-carpentry-and-roofing-llc-1001885,https://www.streetbond.com/coatings,In business since 2004
"KING OF ROOFING!! We have been serving Staten Island and New Jersey for over 35 years, offering superior service and utilizing only the best materials and installation roofing techniques for your home or building. We are full service, fully licensed and insured roofing contractors who are happy to provide you with a free ROOF ESTIMATE. Call Us today at 929-661-9860",,"GAF Master Elite®; GAF Master Elite®
GAF entrusts Master Elite® contractors to offer our strongest warranties including the Golden Pledge® Limited Warranty* on qualifying roof systems.",1103443,64,Gorman & Carbone Roofing Contractors,(929) 661-9860,27,4.7,3,,https://www.gaf.com/en-us/roofing-contractors/residential/usa/ny/staten-island/gorman-carbone-roofing-contractors-1103443,https://www.streetbond.com/coatings,
,,"GAF Master Elite®; GAF Master Elite®
GAF entrusts Master Elite® contractors to offer our strongest warranties including the Golden Pledge® Limited Warranty* on qualifying roof systems.",1000574,65,Multi Roofing System Inc,(848) 361-5603,19,4.7,3,13VH06481000,https://www.gaf.com/en-us/roofing-contractors/residential/usa/nj/edison/multi-roofing-system-inc-1000574,https://www.streetbond.com/coatings,
Family owned business since 1989.,,"GAF Master Elite®; GAF Master Elite®
GAF entrusts Master Elite® contractors to offer our strongest warranties including the Golden Pledge® Limited Warranty* on qualifying roof systems.",1100517,66,RJ Construction,(862) 398-1581,14,4.7,3,13VH01960100,https://www.gaf.com/en-us/roofing-contractors/residential/usa/nj/orange/rj-construction-1100517,https://www.rjconstructionnj.net/,
"As the nation’s largest full-service exterior home remodeler, we are backed by over 1,000+ Angi Super Service awards and more than one million happy customers. Why? Because we treat each job as an audition. An opportunity to prove ourselves to you. And the results speak for themselves. So make your home all it was meant to be with our unrivaled exterior services. Contact us today for a free, no obligation estimate on replacement windows, roofing, siding, doors, attic insulation or solar.",,"GAF Master Elite®; GAF Master Elite®
GAF entrusts Master Elite® contractors to offer our strongest warranties including the Golden Pledge® Limited Warranty* on qualifying roof systems.",1103336,67,Power Home Remodeling,(908) 460-3768,4147,4.6,3,,https://www.gaf.com/en-us/roofing-contractors/residential/usa/nj/edison/power-home-remodeling-1103336,https://powerhrg.com/,In business since 1992
,,"GAF Master Elite®; GAF Master Elite®
GAF entrusts Master Elite® contractors to offer our strongest warranties including the Golden Pledge® Limited Warranty* on qualifying roof systems.",1002062,68,Abraham Roofing,(833) 323-1132,87,4.6,3,,https://www.gaf.com/en-us/roofing-contractors/residential/usa/ny/lynbrook/abraham-roofing-1002062,https://www.streetbond.com/coatings,
"With over 30 years in the business, Acorn Home Improvements has earned our reputation as one of the premier home improvement contractors in the area. We specialize in Vinyl Siding, Windows, Roofing and Insulation. Acorn has a firm belief that quality materials, state-of-the-art equipment, experienced, well-trained installers, and a highly educated, no pressure sales team are critical to supplying our customers with the no-hassle, high-quality home improvement projects they deserve.",,"GAF Master Elite®; GAF Master Elite®
GAF entrusts Master Elite® contractors to offer our strongest warranties including the Golden Pledge® Limited Warranty* on qualifying roof systems.",1006133,69,Acorn Home Improvements Inc,(973) 793-1019,69,4.6,3,,https://www.gaf.com/en-us/roofing-contractors/residential/usa/nj/whippany/acorn-home-improvements-inc-1006133,https://www.acornhomeimprovements.com/,
"Reliable Roofing Specialists in Middletown Township, NJ
Since 1970, Garden State Roofing & Siding Inc., in Middletown, NJ, has provided quality roofing service in New Jersey and the surrounding area. We provide professional roofing services, including new construction, tear-offs, re-roofing, TPO, and EPDM commercial roofing systems. Our skilled technicians work with all roofing systems to ensure you receive the best possible service. At Garden State Roofing & Siding, we pride ourselves on our commitment to quality, and that's why we are GAF Master Elite Roofing certified. Our team of experienced and certified technicians can easily tackle any roofing project, ensuring you receive top-notch workmanship every time. Our experienced team also offers siding, gutters, windows, and more. Whether you need a minor repair or a complete replacement, our professionals are here to help. You can trust that you're working with the best. We offer financing options to make your roofing project more manageable, emergency service, and free estimates. Contact us at 732-769-3904 to schedule your roofing services and experience the difference.",,"GAF Master Elite®; GAF Master Elite®
GAF entrusts Master Elite® contractors to offer our strongest warranties including the Golden Pledge® Limited Warranty* on qualifying roof systems.",1101248,70,Garden State Roofing & Siding,(732) 769-3904,48,4.6,3,,https://www.gaf.com/en-us/roofing-contractors/residential/usa/nj/north-middletown/garden-state-roofing-siding-1101248,https://gsroofingnj.com/,In business since 1971
,,"GAF Master Elite®; GAF Master Elite®
GAF entrusts Master Elite® contractors to offer our strongest warranties including the Golden Pledge® Limited Warranty* on qualifying roof systems.",1123198,71,Abraham Roofing & Siding,(862) 424-7728,10,4.6,3,13VH10634300,https://www.gaf.com/en-us/roofing-contractors/residential/usa/nj/union/abraham-roofing-siding-1123198,https://www.streetbond.com/coatings,In business since 2019
"Homestead is a long established roofing company established in 1930.  We have built trust in the industry through excellent workmanship and knowledge.  Homestead Roofing installs all residential and commercial roofing systems throughout Northern New Jersey.  Our work also entails roof repairs, gutters, leaders, residential flat roofs, slate, metal roofs and all types of commercial roof systems and repairs.  Since ""1930"" we must be doing something right.",,"GAF Master Elite®; GAF Master Elite®
GAF entrusts Master Elite® contractors to offer our strongest warranties including the Golden Pledge® Limited Warranty* on qualifying roof systems.",1100174,72,Homestead Roofing Company,(551) 733-6274,122,4.5,3,13VH00211100,https://www.gaf.com/en-us/roofing-contractors/residential/usa/nj/ridgewood/homestead-roofing-company-1100174,https://www.streetbond.com/coatings,
"My name is Lester Waxman, President of Classic Remodeling.  I know that finding the perfect home is nearly impossible. Usually, an older house needs some fixing up and in many instances, new siding, roofing or windows will make your home look new again. In an industry fraught with horror stories of poor quality, open ended contracts and unpredictable scheduling, the Classic Remodeling Corp. stands apart as a unique alternative. We are proud of the fact that family after family on the same street recommend us and have used our services. Call for a honest roof, window or siding evaluation. Thank You",,"GAF Master Elite®; GAF Master Elite®
GAF entrusts Master Elite® contractors to offer our strongest warranties including the Golden Pledge® Limited Warranty* on qualifying roof systems.",1005319,73,Classic Remodeling Corp,(201) 971-6534,51,4.5,3,13VH00029400,https://www.gaf.com/en-us/roofing-contractors/residential/usa/nj/hackensack/classic-remodeling-corp-1005319,https://www.classicremodeling-nj.com/,
,,"GAF Master Elite®; GAF Master Elite®
GAF entrusts Master Elite® contractors to offer our strongest warranties including the Golden Pledge® Limited Warranty* on qualifying roof systems.",1003072,74,Premium Home Improvements,(908) 679-5740,47,4.5,3,13VH00394900,https://www.gaf.com/en-us/roofing-contractors/residential/usa/nj/berkeley-heights/premium-home-improvements-1003072,https://www.premiumhomeimprovements-nj.com/,
,,"GAF Master Elite®; GAF Master Elite®
GAF entrusts Master Elite® contractors to offer our strongest warranties including the Golden Pledge® Limited Warranty* on qualifying roof systems.",1136966,75,JC Master Inc,(929) 995-4005,105,4.2,3,,https://www.gaf.com/en-us/roofing-contractors/residential/usa/ny/richmond-hill/jc-master-inc-1136966,https://jcmasterinc.net/,In business since 2021
,,"GAF Master Elite®; GAF Master Elite®
GAF entrusts Master Elite® contractors to offer our strongest warranties including the Golden Pledge® Limited Warranty* on qualifying roof systems.",1006185,76,FM Construction Group LLC,(862) 437-3725,34,4.2,3,,https://www.gaf.com/en-us/roofing-contractors/residential/usa/nj/east-orange/fm-construction-group-llc-1006185,https://www.streetbond.com/coatings,In business since 2014
,,"GAF Master Elite®; GAF Master Elite®
GAF entrusts Master Elite® contractors to offer our strongest warranties including the Golden Pledge® Limited Warranty* on qualifying roof systems.",1109046,77,American Siding Construction Corp,(551) 372-0304,26,4.1,3,13VH04322000,https://www.gaf.com/en-us/roofing-contractors/residential/usa/nj/newark/american-siding-construction-corp-1109046,https://www.americansidingconstruction.com/,
"A-1 Affordable Construction stands out with over 30 years of trusted experience in roofing across NJ, NY, and PA. As a fully licensed and insured company, we combine expert craftsmanship with honest service—so you get dependable results, done right the first time. Your home is our priority, and we treat it like our own. Additional services: Chimneys, Gutters & Masonry.",,"GAF Master Elite®; GAF Master Elite®
GAF entrusts Master Elite® contractors to offer our strongest warranties including the Golden Pledge® Limited Warranty* on qualifying roof systems.",1106994,78,A1 Affordable Construction,(844) 344-5115,403,4,3,13VH00843200,https://www.gaf.com/en-us/roofing-contractors/residential/usa/nj/clifton/a1-affordable-construction-1106994,https://www.a1affordable.com/roofing,
,,"GAF Master Elite®; GAF Master Elite®
GAF entrusts Master Elite® contractors to offer our strongest warranties including the Golden Pledge® Limited Warranty* on qualifying roof systems.",1101120,79,Pravco Inc,(848) 236-1141,9,4,1,13VH01275400,https://www.gaf.com/en-us/roofing-contractors/residential/usa/nj/rahway/pravco-inc-1101120,https://www.streetbond.com/coatings,
,,"GAF Master Elite®; GAF Master Elite®
GAF entrusts Master Elite® contractors to offer our strongest warranties including the Golden Pledge® Limited Warranty* on qualifying roof systems.",1005773,80,S&S Roofing Inc,(848) 212-8886,8,4,3,13VH02402500,https://www.gaf.com/en-us/roofing-contractors/residential/usa/nj/carteret/ss-roofing-inc-1005773,https://www.streetbond.com/coatings,In business since 1989
,,"GAF Master Elite®; GAF Master Elite®
GAF entrusts Master Elite® contractors to offer our strongest warranties including the Golden Pledge® Limited Warranty* on qualifying roof systems.",1004877,81,Nations Roof East LLC,(914) 979-7446,4,4,0,,https://www.gaf.com/en-us/roofing-contractors/residential/usa/ny/yonkers/nations-roof-east-llc-1004877,https://www.streetbond.com/coatings,
,,"GAF Master Elite®; GAF Master Elite®
GAF entrusts Master Elite® contractors to offer our strongest warranties including the Golden Pledge® Limited Warranty* on qualifying roof systems.",1000630,82,Northeast Roof Maintenance Inc,(848) 348-6612,2,3,3,13VH00474100,https://www.gaf.com/en-us/roofing-contractors/residential/usa/nj/perth-amboy/northeast-roof-maintenance-inc-1000630,https://www.streetbond.com/coatings,In business since 1993
"Blake Windows,Siding & Roofing has over 30 years experience in the home improvement industry. What is important to us is honesty, integrity and producing excellent work at fair prices. 
We offer free estimates and consultations.",,"GAF Master Elite®; GAF Master Elite®
GAF entrusts Master Elite® contractors to offer our strongest warranties including the Golden Pledge® Limited Warranty* on qualifying roof systems.",1002509,83,Blake Windows Siding & Roofing,(516) 549-5255,,,0,,https://www.gaf.com/en-us/roofing-contractors/residential/usa/ny/new-hyde-park/blake-windows-siding-roofing-1002509,https://www.streetbond.com/coatings,
,,"GAF Master Elite®; GAF Master Elite®
GAF entrusts Master Elite® contractors to offer our strongest warranties including the Golden Pledge® Limited Warranty* on qualifying roof systems.",1116337,84,Carework Construction LLC,(551) 372-7408,,,0,13VH08728200,https://www.gaf.com/en-us/roofing-contractors/residential/usa/nj/lyndhurst/carework-construction-llc-1116337,https://www.streetbond.com/coatings,In business since 2014
,,"GAF Master Elite®; GAF Master Elite®
GAF entrusts Master Elite® contractors to offer our strongest warranties including the Golden Pledge® Limited Warranty* on qualifying roof systems.",1103788,85,Mezini Roofing LLC,(201) 992-5166,,,0,13VH06689000,https://www.gaf.com/en-us/roofing-contractors/residential/usa/nj/clifton/mezini-roofing-llc-1103788,https://www.streetbond.com/coatings,In business since 2012
,,"GAF Master Elite®; GAF Master Elite®
GAF entrusts Master Elite® contractors to offer our strongest warranties including the Golden Pledge® Limited Warranty* on qualifying roof systems.",1116496,86,Niko K Construction Corp,(332) 900-7201,,,0,,https://www.gaf.com/en-us/roofing-contractors/residential/usa/ny/flushing/niko-k-construction-corp-1116496,https://www.streetbond.com/coatings,In business since 2013
"REK Roofing. is a full-service residential & commercial roofing contractor, serving the New Jersey area for over a decade. No matter how big or small the job is we are dedicated to exceeding your expectations in every way. Furthermore, we guarantee honest prices in order to fit your budget.
Our expertise combined with our commitment to optimal customer service is what makes REK Roofing. one of the highest rated Roofing contractors establishments in the state. Call us today to schedule a free consultation

REKroofing.com",,"GAF Master Elite®; GAF Master Elite®
GAF entrusts Master Elite® contractors to offer our strongest warranties including the Golden Pledge® Limited Warranty* on qualifying roof systems.",1111401,87,REK Roofing Services,(332) 900-5958,,,0,13VH08086300,https://www.gaf.com/en-us/roofing-contractors/residential/usa/nj/tenafly/rek-roofing-services-1111401,https://www.streetbond.com/coatings,
