name,address,city,state,zip,phone,website,distance,certifications,rating,review_count,search_zip_code,search_distance
US Roofing & Siding Inc,,Matawan,NJ,,(609) 657-4366,https://www.gaf.com/en-us/roofing-contractors/residential/usa/nj/matawan/us-roofing-siding-inc-1141909,24.5 mi,['GAF Master Elite®'],5.0,54,10013,25
Matute Roofing,,Wayne,NJ,,(862) 529-5991,https://www.gaf.com/en-us/roofing-contractors/residential/usa/nj/wayne/matute-roofing-1113654,17.9 mi,"[""President's Club Award"", 'GAF Master Elite®']",5.0,417,10013,25
Preferred Exterior Corp,,New Hyde Park,NY,,(516) 549-5326,https://www.gaf.com/en-us/roofing-contractors/residential/usa/ny/new-hyde-park/preferred-exterior-corp-1004859,16.8 mi,"[""President's Club Award"", 'GAF Master Elite®']",5.0,47,10013,25
Allied Brothers Home Corporation,,Wayne,NJ,,(973) 566-3007,https://www.gaf.com/en-us/roofing-contractors/residential/usa/nj/wayne/allied-brothers-home-corporation-1116285,19.3 mi,"[""President's Club Award"", 'GAF Master Elite®']",4.9,191,10013,25
Jersey Roofing LLC,,Garfield,NJ,,(551) 368-0240,https://www.gaf.com/en-us/roofing-contractors/residential/usa/nj/garfield/jersey-roofing-llc-1141159,12.1 mi,"[""President's Club Award"", 'GAF Master Elite®']",5.0,369,10013,25
Donny's Home Improvement,,Elmwood Park,NJ,,(862) 387-6498,https://www.gaf.com/en-us/roofing-contractors/residential/usa/nj/elmwood-park/donnys-home-improvement-1139561,15.1 mi,"[""President's Club Award"", 'GAF Master Elite®']",5.0,81,10013,25
Blue Nail Exteriors,,Montville,NJ,,(201) 645-2661,https://www.gaf.com/en-us/roofing-contractors/residential/usa/nj/montville/blue-nail-exteriors-1113999,22.4 mi,"[""President's Club Award"", 'GAF Master Elite®']",4.9,283,10013,25
The Great American Roofing Company,,Ramsey,NJ,,(201) 831-7530,https://www.gaf.com/en-us/roofing-contractors/residential/usa/nj/ramsey/the-great-american-roofing-company-1001655,24.4 mi,"[""President's Club Award"", 'GAF Master Elite®']",4.9,135,10013,25
American Roofing and Siding,,Nutley,NJ,,(862) 660-9850,https://www.gaf.com/en-us/roofing-contractors/residential/usa/nj/nutley/american-roofing-and-siding-1005677,11.7 mi,"[""President's Club Award"", 'GAF Master Elite®']",4.9,114,10013,25
John Goess Roofing Inc,,Westbury,NY,,(934) 300-7686,https://www.gaf.com/en-us/roofing-contractors/residential/usa/ny/westbury/john-goess-roofing-inc-1003844,22.8 mi,"[""President's Club Award"", 'GAF Master Elite®']",4.9,53,10013,25
Grapevine Pro,,Iselin,NJ,,(732) 335-7770,https://www.gaf.com/en-us/roofing-contractors/residential/usa/nj/iselin/grapevine-pro-1130919,20.3 mi,"[""President's Club Award"", 'GAF Master Elite®']",4.8,367,10013,25
Brothers Aluminum Home Improvements Corp,,Valley Stream,NY,,(516) 872-0947,https://www.gaf.com/en-us/roofing-contractors/residential/usa/ny/valley-stream/brothers-aluminum-home-improvements-corp-1100696,16.1 mi,"[""President's Club Award"", 'GAF Master Elite®']",4.8,282,10013,25
AK Gatsios Inc,,Bronx,NY,,(646) 302-5175,https://www.gaf.com/en-us/roofing-contractors/residential/usa/ny/bronx/ak-gatsios-inc-1101267,12.1 mi,['GAF Master Elite®'],5.0,310,10013,25
Complete Roof Systems,,Dumont,NJ,,(201) 387-1846,https://www.gaf.com/en-us/roofing-contractors/residential/usa/nj/dumont/complete-roof-systems-1002688,15.1 mi,['GAF Master Elite®'],5.0,307,10013,25
American Home Contractors Inc,,Florham Park,NJ,,(908) 771-0123,https://www.gaf.com/en-us/roofing-contractors/residential/usa/nj/florham-park/american-home-contractors-inc-1005149,20.5 mi,['GAF Master Elite®'],5.0,243,10013,25
RH Renovation LLC,,Bronx,NY,,(646) 818-4305,https://www.gaf.com/en-us/roofing-contractors/residential/usa/ny/bronx/rh-renovation-llc-1143942,11.6 mi,['GAF Master Elite®'],5.0,228,10013,25
B&B Contracting Corp,,Staten Island,NY,,(718) 981-7663,https://www.gaf.com/en-us/roofing-contractors/residential/usa/ny/staten-island/bb-contracting-corp-1116738,9.7 mi,['GAF Master Elite®'],5.0,211,10013,25
MNT Roofing & Siding,,Totowa,NJ,,(973) 758-7077,https://www.gaf.com/en-us/roofing-contractors/residential/usa/nj/totowa/mnt-roofing-siding-1107024,17.9 mi,['GAF Master Elite®'],5.0,115,10013,25
Golden Key Construction Group Inc,,Staten Island,NY,,(929) 353-9227,https://www.gaf.com/en-us/roofing-contractors/residential/usa/ny/staten-island/golden-key-construction-group-inc-1143894,10.7 mi,['GAF Master Elite®'],5.0,90,10013,25
Hammer Exteriors LLC,,South Plainfield,NJ,,(973) 442-6637,https://www.gaf.com/en-us/roofing-contractors/residential/usa/nj/south-plainfield/hammer-exteriors-llc-1124727,23.3 mi,['GAF Master Elite®'],5.0,82,10013,25
Future Remodeling,,Bergenfield,NJ,,(201) 371-5515,https://www.gaf.com/en-us/roofing-contractors/residential/usa/nj/bergenfield/future-remodeling-1148691,13.8 mi,['GAF Master Elite®'],5.0,73,10013,25
Reisch Roofing and Construction LLC,,Pompton Plains,NJ,,(855) 734-7241,https://www.gaf.com/en-us/roofing-contractors/residential/usa/nj/pompton-plains/reisch-roofing-and-construction-llc-1118403,23.7 mi,['GAF Master Elite®'],5.0,70,10013,25
All Professional Remodeling Group LLC,,Cedar Grove,NJ,,(973) 857-9449,https://www.gaf.com/en-us/roofing-contractors/residential/usa/nj/cedar-grove/all-professional-remodeling-group-llc-1001104,15.1 mi,['GAF Master Elite®'],5.0,43,10013,25
NYC General Pro Roofing Inc,,Brooklyn,NY,,(718) 676-7987,https://www.gaf.com/en-us/roofing-contractors/residential/usa/ny/brooklyn/nyc-general-pro-roofing-inc-1125170,5.4 mi,['GAF Master Elite®'],5.0,35,10013,25
Kelly Exteriors,,Emerson,NJ,,(201) 977-1076,https://www.gaf.com/en-us/roofing-contractors/residential/usa/nj/emerson/kelly-exteriors-1104793,17.6 mi,['GAF Master Elite®'],5.0,29,10013,25
McLeod Brothers Inc,,New Rochelle,NY,,(914) 636-3404,https://www.gaf.com/en-us/roofing-contractors/residential/usa/ny/new-rochelle/mcleod-brothers-inc-1000796,17.1 mi,['GAF Master Elite®'],5.0,21,10013,25
ARM Roofing,,Elmsford,NY,,(914) 347-2763,https://www.gaf.com/en-us/roofing-contractors/residential/usa/ny/elmsford/arm-roofing-1000079,24.7 mi,['GAF Master Elite®'],5.0,8,10013,25
All Site Roofing,,Franklin Square,NY,,(516) 816-8174,https://www.gaf.com/en-us/roofing-contractors/residential/usa/ny/franklin-square/all-site-roofing-1124078,16.6 mi,['GAF Master Elite®'],5.0,7,10013,25
All Seasons Roofing LLC,,Staten Island,NY,,(718) 200-1802,https://www.gaf.com/en-us/roofing-contractors/residential/usa/ny/staten-island/all-seasons-roofing-llc-1135593,15.5 mi,['GAF Master Elite®'],5.0,5,10013,25
A&S Construction & Son Inc,,Brooklyn,NY,,(347) 326-4098,https://www.gaf.com/en-us/roofing-contractors/residential/usa/ny/brooklyn/as-construction-son-inc-1120367,6.5 mi,['GAF Master Elite®'],5.0,1,10013,25
GC Dynatech Construction LLC,,South Amboy,NJ,,(732) 688-7562,https://www.gaf.com/en-us/roofing-contractors/residential/usa/nj/south-amboy/gc-dynatech-construction-llc-1004105,23.0 mi,['GAF Master Elite®'],5.0,1,10013,25
VMG Group,,Roselle,NJ,,(973) 345-1600,https://www.gaf.com/en-us/roofing-contractors/residential/usa/nj/roselle/vmg-group-63229,15.7 mi,['GAF Master Elite®'],5.0,1,10013,25
Long Island Roofing and Repairs Service,,North Bellmore,NY,,(516) 221-9100,https://www.gaf.com/en-us/roofing-contractors/residential/usa/ny/north-bellmore/long-island-roofing-and-repairs-service-1005906,24.0 mi,['GAF Master Elite®'],4.9,334,10013,25
R&G Services Corp,,Orange,NJ,,(973) 324-9461,https://www.gaf.com/en-us/roofing-contractors/residential/usa/nj/orange/rg-services-corp-1004426,13.7 mi,['GAF Master Elite®'],4.9,249,10013,25
The Carpenter's Touch LLC,,Livingston,NJ,,(973) 994-1085,https://www.gaf.com/en-us/roofing-contractors/residential/usa/nj/livingston/the-carpenters-touch-llc-1100484,17.7 mi,['GAF Master Elite®'],4.9,156,10013,25
Above & Beyond Exterior Remodelers,,Fords,NJ,,(732) 322-8482,https://www.gaf.com/en-us/roofing-contractors/residential/usa/nj/fords/above-beyond-exterior-remodelers-1100365,21.0 mi,['GAF Master Elite®'],4.9,129,10013,25
CKG Contractors Inc,,Parsippany,NJ,,(973) 599-0811,https://www.gaf.com/en-us/roofing-contractors/residential/usa/nj/parsippany/ckg-contractors-inc-1003499,24.5 mi,['GAF Master Elite®'],4.9,129,10013,25
HK Builders Corp,,Flushing,NY,,(718) 479-8888,https://www.gaf.com/en-us/roofing-contractors/residential/usa/ny/flushing/hk-builders-corp-1137852,11.5 mi,['GAF Master Elite®'],4.9,113,10013,25
Lojas Home Improvement Plus LLC,,Union,NJ,,(973) 757-3958,https://www.gaf.com/en-us/roofing-contractors/residential/usa/nj/union/lojas-home-improvement-plus-llc-1119370,15.3 mi,['GAF Master Elite®'],4.9,91,10013,25
One Call Construction,,Hawthorne,NJ,,(800) 747-0283,https://www.gaf.com/en-us/roofing-contractors/residential/usa/nj/hawthorne/one-call-construction-1112309,18.7 mi,['GAF Master Elite®'],4.9,89,10013,25
American Quality Home Improvements LLC,,Belleville,NJ,,(888) 205-1925,https://www.gaf.com/en-us/roofing-contractors/residential/usa/nj/belleville/american-quality-home-improvements-llc-1108705,9.3 mi,['GAF Master Elite®'],4.9,73,10013,25
American Star Contractor Corp,,Bronx,NY,,(862) 294-9990,https://www.gaf.com/en-us/roofing-contractors/residential/usa/ny/bronx/american-star-contractor-corp-1121148,11.5 mi,['GAF Master Elite®'],4.9,64,10013,25
LGM Roofing Contractor,,Bloomfield,NJ,,(973) 707-2154,https://www.gaf.com/en-us/roofing-contractors/residential/usa/nj/bloomfield/lgm-roofing-contractor-1112549,11.5 mi,['GAF Master Elite®'],4.9,64,10013,25
RK Roofing Inc,,Caldwell,NJ,,(973) 226-2605,https://www.gaf.com/en-us/roofing-contractors/residential/usa/nj/caldwell/rk-roofing-inc-1002346,16.8 mi,['GAF Master Elite®'],4.9,39,10013,25
B&W Group Inc,,Montvale,NJ,,(914) 403-6752,https://www.gaf.com/en-us/roofing-contractors/residential/usa/nj/montvale/bw-group-inc-1003008,23.5 mi,['GAF Master Elite®'],4.9,37,10013,25
MK Best Roofing,,Roosevelt,NY,,(631) 645-2710,https://www.gaf.com/en-us/roofing-contractors/residential/usa/ny/roosevelt/mk-best-roofing-1139996,21.5 mi,['GAF Master Elite®'],4.9,36,10013,25
Prodigy Contracting Inc,,Franklin Square,NY,,(631) 767-2520,https://www.gaf.com/en-us/roofing-contractors/residential/usa/ny/franklin-square/prodigy-contracting-inc-1103991,16.5 mi,['GAF Master Elite®'],4.9,36,10013,25
Rebuild America,,Mineola,NY,,(516) 535-9293,https://www.gaf.com/en-us/roofing-contractors/residential/usa/ny/mineola/rebuild-america-1002371,19.0 mi,['GAF Master Elite®'],4.9,29,10013,25
A Real Advantage Inc,,Jamaica,NY,,(718) 767-6950,https://www.gaf.com/en-us/roofing-contractors/residential/usa/ny/jamaica/a-real-advantage-inc-1002963,12.5 mi,['GAF Master Elite®'],4.9,23,10013,25
ADH Group,,Jackson Heights,NY,,(929) 215-3378,https://www.gaf.com/en-us/roofing-contractors/residential/usa/ny/jackson-heights/adh-group-1136285,6.2 mi,['GAF Master Elite®'],4.8,568,10013,25
A&J Professional Services Inc,,South Plainfield,NJ,,(908) 432-7081,https://www.gaf.com/en-us/roofing-contractors/residential/usa/nj/south-plainfield/aj-professional-services-inc-1118752,22.8 mi,['GAF Master Elite®'],4.8,213,10013,25
B&B Siding and Roofing,,Staten Island,NY,,(718) 757-2904,https://www.gaf.com/en-us/roofing-contractors/residential/usa/ny/staten-island/bb-siding-and-roofing-1103353,13.3 mi,['GAF Master Elite®'],4.8,157,10013,25
Seci Construction Inc,,Clifton,NJ,,(866) 572-7324,https://www.gaf.com/en-us/roofing-contractors/residential/usa/nj/clifton/seci-construction-inc-1136200,12.1 mi,['GAF Master Elite®'],4.8,122,10013,25
J Salvatore & Sons Inc,,Yonkers,NY,,(914) 237-0683,https://www.gaf.com/en-us/roofing-contractors/residential/usa/ny/yonkers/j-salvatore-sons-inc-1003498,15.4 mi,['GAF Master Elite®'],4.8,89,10013,25
Big Apple Renovators,,Astoria,NY,,(718) 521-2121,https://www.gaf.com/en-us/roofing-contractors/residential/usa/ny/astoria/big-apple-renovators-1119153,6.1 mi,['GAF Master Elite®'],4.8,26,10013,25
Victory Home Remodeling LLC,,Edison,NJ,,(908) 258-8737,https://www.gaf.com/en-us/roofing-contractors/residential/usa/nj/edison/victory-home-remodeling-llc-1124212,22.9 mi,['GAF Master Elite®'],4.7,1939,10013,25
Dior Construction,,Bergenfield,NJ,,(201) 472-5462,https://www.gaf.com/en-us/roofing-contractors/residential/usa/nj/bergenfield/dior-construction-1104750,13.8 mi,['GAF Master Elite®'],4.7,273,10013,25
Window Depot USA of Lower NY,,South Hempstead,NY,,(516) 564-4400,https://www.gaf.com/en-us/roofing-contractors/residential/usa/ny/south-hempstead/window-depot-usa-of-lower-ny-1100471,20.1 mi,['GAF Master Elite®'],4.7,206,10013,25
Royal Renovators Inc,,Forest Hills,NY,,(718) 414-6067,https://www.gaf.com/en-us/roofing-contractors/residential/usa/ny/forest-hills/royal-renovators-inc-1109076,8.6 mi,['GAF Master Elite®'],4.7,169,10013,25
Kamtech Restoration Corp,,Brooklyn,NY,,(347) 860-1109,https://www.gaf.com/en-us/roofing-contractors/residential/usa/ny/brooklyn/kamtech-restoration-corp-1112005,7.7 mi,['GAF Master Elite®'],4.7,122,10013,25
Window Galaxy USA,,South Amboy,NJ,,(800) 990-1235,https://www.gaf.com/en-us/roofing-contractors/residential/usa/nj/south-amboy/window-galaxy-usa-1103391,22.4 mi,['GAF Master Elite®'],4.7,100,10013,25
SmartRoof LLC,,Parsippany,NJ,,(844) 334-1864,https://www.gaf.com/en-us/roofing-contractors/residential/usa/nj/parsippany/smartroof-llc-1141740,22.4 mi,['GAF Master Elite®'],4.7,85,10013,25
All Pro Roofing & Siding Inc,,Staten Island,NY,,(347) 231-2915,https://www.gaf.com/en-us/roofing-contractors/residential/usa/ny/staten-island/all-pro-roofing-siding-inc-1111750,11.4 mi,['GAF Master Elite®'],4.7,82,10013,25
Tico's Carpentry and Roofing LLC,,Union,NJ,,(908) 624-0001,https://www.gaf.com/en-us/roofing-contractors/residential/usa/nj/union/ticos-carpentry-and-roofing-llc-1001885,14.1 mi,['GAF Master Elite®'],4.7,30,10013,25
Gorman & Carbone Roofing Contractors,,Staten Island,NY,,(718) 317-4023,https://www.gaf.com/en-us/roofing-contractors/residential/usa/ny/staten-island/gorman-carbone-roofing-contractors-1103443,20.0 mi,['GAF Master Elite®'],4.7,27,10013,25
Multi Roofing System Inc,,Edison,NJ,,(732) 609-6424,https://www.gaf.com/en-us/roofing-contractors/residential/usa/nj/edison/multi-roofing-system-inc-1000574,22.5 mi,['GAF Master Elite®'],4.7,19,10013,25
RJ Construction,,Orange,NJ,,(201) 274-6003,https://www.gaf.com/en-us/roofing-contractors/residential/usa/nj/orange/rj-construction-1100517,13.2 mi,['GAF Master Elite®'],4.7,14,10013,25
Power Home Remodeling,,Edison,NJ,,(908) 603-1296,https://www.gaf.com/en-us/roofing-contractors/residential/usa/nj/edison/power-home-remodeling-1103336,24.4 mi,['GAF Master Elite®'],4.6,4147,10013,25
Abraham Roofing,,Lynbrook,NY,,(800) 347-0913,https://www.gaf.com/en-us/roofing-contractors/residential/usa/ny/lynbrook/abraham-roofing-1002062,17.5 mi,['GAF Master Elite®'],4.6,87,10013,25
Acorn Home Improvements Inc,,Whippany,NJ,,(973) 386-9604,https://www.gaf.com/en-us/roofing-contractors/residential/usa/nj/whippany/acorn-home-improvements-inc-1006133,23.1 mi,['GAF Master Elite®'],4.6,69,10013,25
Garden State Roofing & Siding,,North Middletown,NJ,,(732) 787-5545,https://www.gaf.com/en-us/roofing-contractors/residential/usa/nj/north-middletown/garden-state-roofing-siding-1101248,21.5 mi,['GAF Master Elite®'],4.6,48,10013,25
Abraham Roofing & Siding,,Union,NJ,,(973) 379-1300,https://www.gaf.com/en-us/roofing-contractors/residential/usa/nj/union/abraham-roofing-siding-1123198,16.1 mi,['GAF Master Elite®'],4.6,10,10013,25
Homestead Roofing Company,,Ridgewood,NJ,,(201) 444-2233,https://www.gaf.com/en-us/roofing-contractors/residential/usa/nj/ridgewood/homestead-roofing-company-1100174,19.2 mi,['GAF Master Elite®'],4.5,122,10013,25
Classic Remodeling Corp,,Hackensack,NJ,,(201) 745-8065,https://www.gaf.com/en-us/roofing-contractors/residential/usa/nj/hackensack/classic-remodeling-corp-1005319,12.5 mi,['GAF Master Elite®'],4.5,51,10013,25
Premium Home Improvements,,Berkeley Heights,NJ,,(908) 898-1420,https://www.gaf.com/en-us/roofing-contractors/residential/usa/nj/berkeley-heights/premium-home-improvements-1003072,24.0 mi,['GAF Master Elite®'],4.5,47,10013,25
JC Master Inc,,Richmond Hill,NY,,(347) 400-2611,https://www.gaf.com/en-us/roofing-contractors/residential/usa/ny/richmond-hill/jc-master-inc-1136966,8.5 mi,['GAF Master Elite®'],4.2,105,10013,25
FM Construction Group LLC,,East Orange,NJ,,(973) 989-1616,https://www.gaf.com/en-us/roofing-contractors/residential/usa/nj/east-orange/fm-construction-group-llc-1006185,11.0 mi,['GAF Master Elite®'],4.2,34,10013,25
American Siding Construction Corp,,Newark,NJ,,(201) 772-7713,https://www.gaf.com/en-us/roofing-contractors/residential/usa/nj/newark/american-siding-construction-corp-1109046,7.3 mi,['GAF Master Elite®'],4.1,26,10013,25
A1 Affordable Construction,,Clifton,NJ,,(800) 865-0053,https://www.gaf.com/en-us/roofing-contractors/residential/usa/nj/clifton/a1-affordable-construction-1106994,13.2 mi,['GAF Master Elite®'],4.0,403,10013,25
Pravco Inc,,Rahway,NJ,,(732) 388-0800,https://www.gaf.com/en-us/roofing-contractors/residential/usa/nj/rahway/pravco-inc-1101120,17.4 mi,['GAF Master Elite®'],4.0,9,10013,25
S&S Roofing Inc,,Carteret,NJ,,(732) 602-0099,https://www.gaf.com/en-us/roofing-contractors/residential/usa/nj/carteret/ss-roofing-inc-1005773,16.1 mi,['GAF Master Elite®'],4.0,8,10013,25
Nations Roof East LLC,,Yonkers,NY,,(914) 423-6171,https://www.gaf.com/en-us/roofing-contractors/residential/usa/ny/yonkers/nations-roof-east-llc-1004877,16.7 mi,['GAF Master Elite®'],4.0,4,10013,25
Northeast Roof Maintenance Inc,,Perth Amboy,NJ,,(732) 442-2020,https://www.gaf.com/en-us/roofing-contractors/residential/usa/nj/perth-amboy/northeast-roof-maintenance-inc-1000630,19.9 mi,['GAF Master Elite®'],3.0,2,10013,25
Blake Windows Siding & Roofing,,New Hyde Park,NY,,(516) 488-4858,https://www.gaf.com/en-us/roofing-contractors/residential/usa/ny/new-hyde-park/blake-windows-siding-roofing-1002509,15.8 mi,['GAF Master Elite®'],,,10013,25
Carework Construction LLC,,Lyndhurst,NJ,,(201) 998-8960,https://www.gaf.com/en-us/roofing-contractors/residential/usa/nj/lyndhurst/carework-construction-llc-1116337,9.6 mi,['GAF Master Elite®'],,,10013,25
Mezini Roofing LLC,,Clifton,NJ,,(973) 767-3256,https://www.gaf.com/en-us/roofing-contractors/residential/usa/nj/clifton/mezini-roofing-llc-1103788,12.7 mi,['GAF Master Elite®'],,,10013,25
Niko K Construction Corp,,Flushing,NY,,(646) 784-0306,https://www.gaf.com/en-us/roofing-contractors/residential/usa/ny/flushing/niko-k-construction-corp-1116496,11.3 mi,['GAF Master Elite®'],,,10013,25
REK Roofing Services,,Tenafly,NJ,,(646) 721-4431,https://www.gaf.com/en-us/roofing-contractors/residential/usa/nj/tenafly/rek-roofing-services-1111401,14.3 mi,['GAF Master Elite®'],,,10013,25
